CREATE DATABASE  IF NOT EXISTS `pagibig` /*!40100 DEFAULT CHARACTER SET utf8mb4 COLLATE utf8mb4_0900_ai_ci */ /*!80016 DEFAULT ENCRYPTION='N' */;
USE `pagibig`;
-- MySQL dump 10.13  Distrib 8.0.46, for Win64 (x86_64)
--
-- Host: localhost    Database: pagibig
-- ------------------------------------------------------
-- Server version	9.7.0

/*!40101 SET @OLD_CHARACTER_SET_CLIENT=@@CHARACTER_SET_CLIENT */;
/*!40101 SET @OLD_CHARACTER_SET_RESULTS=@@CHARACTER_SET_RESULTS */;
/*!40101 SET @OLD_COLLATION_CONNECTION=@@COLLATION_CONNECTION */;
/*!50503 SET NAMES utf8 */;
/*!40103 SET @OLD_TIME_ZONE=@@TIME_ZONE */;
/*!40103 SET TIME_ZONE='+00:00' */;
/*!40014 SET @OLD_UNIQUE_CHECKS=@@UNIQUE_CHECKS, UNIQUE_CHECKS=0 */;
/*!40014 SET @OLD_FOREIGN_KEY_CHECKS=@@FOREIGN_KEY_CHECKS, FOREIGN_KEY_CHECKS=0 */;
/*!40101 SET @OLD_SQL_MODE=@@SQL_MODE, SQL_MODE='NO_AUTO_VALUE_ON_ZERO' */;
/*!40111 SET @OLD_SQL_NOTES=@@SQL_NOTES, SQL_NOTES=0 */;
SET @MYSQLDUMP_TEMP_LOG_BIN = @@SESSION.SQL_LOG_BIN;
SET @@SESSION.SQL_LOG_BIN= 0;

--
-- GTID state at the beginning of the backup 
--

SET @@GLOBAL.GTID_PURGED=/*!80000 '+'*/ '2220c749-43e5-11f1-ab7f-dc97bafab00d:1-1883';

--
-- Table structure for table `admincredentials`
--

DROP TABLE IF EXISTS `admincredentials`;
/*!40101 SET @saved_cs_client     = @@character_set_client */;
/*!50503 SET character_set_client = utf8mb4 */;
CREATE TABLE `admincredentials` (
  `Admin_ID` int NOT NULL AUTO_INCREMENT,
  `Username` varchar(50) NOT NULL,
  `Password` varchar(255) NOT NULL,
  `Admin_Name` varchar(100) NOT NULL,
  PRIMARY KEY (`Admin_ID`),
  UNIQUE KEY `Username` (`Username`)
) ENGINE=InnoDB AUTO_INCREMENT=4 DEFAULT CHARSET=utf8mb4 COLLATE=utf8mb4_0900_ai_ci;
/*!40101 SET character_set_client = @saved_cs_client */;

--
-- Dumping data for table `admincredentials`
--

LOCK TABLES `admincredentials` WRITE;
/*!40000 ALTER TABLE `admincredentials` DISABLE KEYS */;
INSERT INTO `admincredentials` VALUES (1,'admin','admin123','System Administrator');
/*!40000 ALTER TABLE `admincredentials` ENABLE KEYS */;
UNLOCK TABLES;

--
-- Table structure for table `companydetailstable`
--

DROP TABLE IF EXISTS `companydetailstable`;
/*!40101 SET @saved_cs_client     = @@character_set_client */;
/*!50503 SET character_set_client = utf8mb4 */;
CREATE TABLE `companydetailstable` (
  `Company_Code` varchar(10) NOT NULL,
  `Company_Name` varchar(255) NOT NULL,
  `Company_Address` varchar(255) NOT NULL,
  `Office_Assignment` varchar(11) NOT NULL,
  `Branch_Location` varchar(45) DEFAULT NULL,
  PRIMARY KEY (`Company_Code`)
) ENGINE=InnoDB DEFAULT CHARSET=utf8mb4 COLLATE=utf8mb4_0900_ai_ci COMMENT='Company listed under the PagIbig database.';
/*!40101 SET character_set_client = @saved_cs_client */;

--
-- Dumping data for table `companydetailstable`
--

LOCK TABLES `companydetailstable` WRITE;
/*!40000 ALTER TABLE `companydetailstable` DISABLE KEYS */;
INSERT INTO `companydetailstable` VALUES ('ACN','Accenture','Taguig City, PH','HEAD OFFICE',NULL),('AECO','AECOM Philippines','Pasig City, PH','BRANCH','Ortigas Center, Pasig City'),('APP','Apple Inc','California, USA','HEAD OFFICE',NULL),('AWS','Amazon Web Services','Quezon City, PH','HEAD OFFICE',NULL),('AWS1','Amazon Web Services','Quezon City, PH','BRANCH','Ortigas, Pasay City'),('BDO','Banco de Oro Unibank','Makati City, PH','HEAD OFFICE',NULL),('BPI','Bank of the Philippine Islands','Quezon City','HEAD OFFICE',''),('BPI1','Bank of the Philippine Islands','Quezon City','BRANCH','Valenzuela City'),('CIS','Cisco Philippines','Taguig City, PH','HEAD OFFICE',NULL),('CSC','Civil Service Commission','Quezon City, PH','HEAD OFFICE',NULL),('CVG','Converge','Pasig City, PH','HEAD OFFICE',NULL),('DICT','Department of Information and Communications Technology (Republic of Philippines)','Quezon City, PH','HEAD OFFICE',NULL),('DOH','Department of Health','Manila City, PH','HEAD OFFICE',NULL),('DOST','Department of Science and Technology','Taguig City, PH','HEAD OFFICE',NULL),('FOU','Foundever','Ortigas, Pasig City','HEAD OFFICE',NULL),('GCH','GCash (Mynt)','Taguig City, PH','HEAD OFFICE',NULL),('GLO','Globe Telecom','Taguig City, PH','HEAD OFFICE',NULL),('HWI','Huawei Philippines','Taguig City, PH','BRANCH','Quezon City'),('IBM','IBM Philippines','Makati City, PH','HEAD OFFICE',NULL),('JPM','JP Morgan Chase Company','New York City, USA','HEAD OFFICE',NULL),('MNL','Manila Electric Company (Meralco)','Pasig City, PH','HEAD OFFICE',NULL),('NTT','NTT Data Philippines','Makati City, PH','BRANCH','Bonifacio Global City, Taguig'),('ODP','One Document Philippines','Timog Avenue, Quezon City','HEAD OFFICE',NULL),('ORC','Oracle Philippines','Taguig City, PH','HEAD OFFICE',NULL),('ORC1','Oracle Philippines','Taguig City, PH','BRANCH','Makati City'),('OVP','Office of the Vice President','Pasay City','HEAD OFFICE',NULL),('PLDT','Philippine Long Distance Telephone Company','Quezon City, PH','BRANCH','Caloocan City'),('PUP','Polytechnic University of the Philippines - Sta. Mesa','Manila City, PH','HEAD OFFICE',NULL),('PUP1','Polytechnic University of the Philippines - Taguig','Manila City, PH','BRANCH','Taguig City'),('PUP2','Polytechnic University of the Philippines - Paranaque','Manila City, PH','BRANCH','Paranaque City'),('PUP3','Polytechnic University of the Philippines - Caloocan','Manila City, PH','BRANCH','Caloocan City'),('PUP4','Polytechnic University of the Philippines - SMB','Manila City, PH','BRANCH','Sta. Maria, Bulacan'),('SAP','SAP Philippines','Taguig City, PH','BRANCH','Bonifacio Global City, Taguig'),('SCPH','Sta. Clara International Corporation','Muntinlupa City, PH','HEAD OFFICE',NULL),('SKEC','Samsung C&T Engineering','Riyadh, Saudi Arabia','BRANCH','Al Olaya District, Riyadh'),('SMPH','SM Prime Holdings','Pasay City, PH','HEAD OFFICE',NULL),('STECH','Seanna Tech','Quezon City, PH','HEAD OFFICE',NULL);
/*!40000 ALTER TABLE `companydetailstable` ENABLE KEYS */;
UNLOCK TABLES;

--
-- Table structure for table `currentemprecordtable`
--

DROP TABLE IF EXISTS `currentemprecordtable`;
/*!40101 SET @saved_cs_client     = @@character_set_client */;
/*!50503 SET character_set_client = utf8mb4 */;
CREATE TABLE `currentemprecordtable` (
  `PagIbig_MID_No` char(14) NOT NULL,
  `Company_Code` varchar(10) NOT NULL,
  `Occupation` varchar(50) NOT NULL,
  `Employment_Status` varchar(20) DEFAULT NULL,
  `TypeOfWork` varchar(10) DEFAULT NULL,
  `Country_Of_Assignment` varchar(50) DEFAULT NULL,
  `Date_Employed` date NOT NULL,
  PRIMARY KEY (`PagIbig_MID_No`),
  UNIQUE KEY `PagIbig_MID_No_UNIQUE` (`PagIbig_MID_No`),
  KEY `fk_CurrentEmpT_CompT_idx` (`Company_Code`),
  CONSTRAINT `fk_CurrentEmpT_CompT` FOREIGN KEY (`Company_Code`) REFERENCES `companydetailstable` (`Company_Code`) ON DELETE CASCADE ON UPDATE CASCADE,
  CONSTRAINT `fk_CurrentEmpT_MemberT` FOREIGN KEY (`PagIbig_MID_No`) REFERENCES `membertable` (`PagIbig_MID_No`) ON DELETE CASCADE ON UPDATE CASCADE
) ENGINE=InnoDB DEFAULT CHARSET=utf8mb4 COLLATE=utf8mb4_0900_ai_ci COMMENT='Current employment record of member.';
/*!40101 SET character_set_client = @saved_cs_client */;

--
-- Dumping data for table `currentemprecordtable`
--

LOCK TABLES `currentemprecordtable` WRITE;
/*!40000 ALTER TABLE `currentemprecordtable` DISABLE KEYS */;
INSERT INTO `currentemprecordtable` VALUES ('1212-3434-5656','STECH','Network Engineer','CONTRACTUAL',NULL,'Philippines','2028-11-11'),('1212-3434-5657','DICT','Data Scientist','PERMANENT/REGULAR',NULL,'Philippines','2024-12-03'),('1212-3434-5658','CVG','Network Engineer','CASUAL',NULL,'Philippines','2028-11-13'),('1212-3434-5659','JPM','Data Analyst','PROJECT BASED','LAND-BASED','U.S.A','2028-11-14'),('1212-3434-5660','CIS','Software Developer','PERMANENT/REGULAR',NULL,'Philippines','2025-01-01'),('1212-3434-5669','CIS','Network Engineer','PERMANENT/REGULAR',NULL,'Philippines','2024-12-12'),('1212-3434-5672','ORC','Systems Analyst','PERMANENT/REGULAR',NULL,'Philippines','2025-02-01'),('1212-3434-5673','PUP','Professor III','PERMANENT/REGULAR',NULL,'Philippines','2025-02-01'),('1212-3434-5675','SCPH','Civil Engineer','CONTRACTUAL',NULL,'Philippines','2024-03-15'),('1212-3434-5676','SKEC','Mechanical Engineer','CONTRACTUAL','LAND-BASED','Saudi Arabia','2023-05-01'),('1212-3434-5677','CSC','Assistant Commissioner','PERMANENT/REGULAR',NULL,'Philippines','2025-02-03'),('1212-3434-5678','HWI','Network Associate','PERMANENT/REGULAR',NULL,'Philippines','2020-02-15'),('1212-3434-5689','HWI','UNEMPLOYED','CASUAL',NULL,'Philippines','2025-03-01'),('1212-3434-5694','PUP','Professor I','PERMANENT/REGULAR',NULL,'Philippines','2024-06-01'),('1212-3434-5697','FOU','Voice','CASUAL',NULL,'Philippines','2024-03-12'),('1212-3434-5698','AWS','Networking','PERMANENT/REGULAR',NULL,'Philippines','2025-12-09'),('1212-3434-5701','CSC','Senior Administrative Officer','PERMANENT/REGULAR',NULL,'Philippines','2018-06-01'),('1212-3434-5702','ACN','Business Analyst','CONTRACTUAL',NULL,'Philippines','2023-03-15'),('1212-3434-5703','SKEC','Welder / Pipefitter','CONTRACTUAL','LAND-BASED','Saudi Arabia','2022-09-01'),('1212-3434-5704','ORC','IT Consultant','CONTRACTUAL',NULL,'Philippines','2021-01-10'),('1212-3434-5705','DICT','Systems Developer','PERMANENT/REGULAR',NULL,'Philippines','2024-07-01'),('1212-3434-5706','JPM','Financial Analyst','PROJECT BASED','LAND-BASED','U.S.A','2023-06-01'),('1212-3434-5707','FOU','Customer Service Representative','CASUAL',NULL,'Philippines','2022-04-01'),('1212-3434-5708','AWS','Cloud Support Associate','CONTRACTUAL',NULL,'Philippines','2024-01-08'),('1212-3434-5709','STECH','IT Freelancer','CASUAL',NULL,'Philippines','2020-05-01'),('1212-3434-5710','SCPH','Sea-based Nurse','CONTRACTUAL','SEA-BASED','International Waters','2021-11-01'),('1212-3434-5711','CSC','Deputy Director IV','PERMANENT/REGULAR',NULL,'Philippines','2010-03-01'),('1212-3434-5712','BPI','Bank Teller','CONTRACTUAL',NULL,'Philippines','2025-01-20'),('1212-3434-5713','ORC1','Senior Sales Engineer','PERMANENT/REGULAR',NULL,'Philippines','2017-08-01'),('1212-3434-5714','AECO','Project Nurse','CONTRACTUAL','SEA-BASED','International Waters','2020-03-01'),('1212-3434-5715','ACN','Solution Architect','PERMANENT/REGULAR',NULL,'Philippines','2019-06-01'),('1212-3434-5717','PUP','Professor IV','PERMANENT/REGULAR',NULL,'Philippines','2005-06-01'),('1212-3434-5718','PLDT','Customer Relations Staff','CASUAL',NULL,'Philippines','2024-09-01'),('1212-3434-5719','SKEC','Civil Engineer','CONTRACTUAL','LAND-BASED','Saudi Arabia','2023-01-15'),('1212-3434-5720','DICT','Policy Analyst I','PERMANENT/REGULAR',NULL,'Philippines','2025-03-01'),('1212-3434-5722','SMPH','Mall Operations Supervisor','CONTRACTUAL',NULL,'Philippines','2023-06-01'),('1212-3434-5723','DOH','Medical Officer IV','PERMANENT/REGULAR',NULL,'Philippines','2008-03-01'),('1212-3434-5724','NTT','IT Project Coordinator','CONTRACTUAL','SEA-BASED','International Waters','2022-02-01'),('1212-3434-5725','IBM','Senior Software Engineer','PERMANENT/REGULAR',NULL,'Philippines','2021-04-01'),('1212-3434-5726','DOST','Science Research Director','PERMANENT/REGULAR',NULL,'Philippines','2003-07-01'),('1212-3434-5727','GCH','Junior Product Analyst','CONTRACTUAL',NULL,'Philippines','2025-02-01'),('1212-3434-5728','SAP','SAP Functional Consultant','CASUAL',NULL,'Philippines','2023-09-01'),('1212-3434-5729','MNL','Distribution Engineer','PERMANENT/REGULAR',NULL,'Philippines','2015-11-01'),('1212-3434-5730','BDO','Branch Manager','PERMANENT/REGULAR',NULL,'Philippines','2016-01-01'),('1212-3434-5731','PUP1','Remote Professor III','PART-TIME/TEMPORARY','LAND-BASED','United Arab Emirates','2008-12-12'),('1212-3434-5732','CVG','Network Engineer','PERMANENT/REGULAR','LAND-BASED','Philippines','2017-07-15'),('1212-3434-5733','CSC','Civil Service Officer','PERMANENT/REGULAR','LAND-BASED','Philippines','2019-11-01'),('1212-3434-5734','IBM','Data Analyst','CONTRACTUAL','LAND-BASED','Philippines','2016-04-10'),('1212-3434-5736','AECO','Project Manager','PERMANENT/REGULAR','LAND-BASED','Philippines','2015-12-01'),('1212-3434-5737','DOST','Research Analyst','PERMANENT/REGULAR','LAND-BASED','Philippines','2018-06-15'),('1212-3434-5738','GLO','Systems Analyst','PERMANENT/REGULAR','LAND-BASED','Philippines','2016-02-01'),('1212-3434-5739','SMPH','Mall Operations Staff','CASUAL','LAND-BASED','Philippines','2021-08-01'),('1212-3434-5740','JPM','Financial Analyst','PERMANENT/REGULAR','LAND-BASED','Philippines','2014-05-10'),('1212-3434-5741','NTT','IT Consultant','CONTRACTUAL','LAND-BASED','Philippines','2020-01-07'),('1212-3434-5742','DOH','Health Officer','PERMANENT/REGULAR','LAND-BASED','Philippines','2011-10-01'),('1212-3434-5743','CVG','Fiber Technician','PERMANENT/REGULAR','LAND-BASED','Philippines','2017-07-01'),('1212-3434-5744','AWS','Cloud Architect','PERMANENT/REGULAR','LAND-BASED','Philippines','2015-03-18'),('1212-3434-5745','GCH','Product Analyst','CONTRACTUAL','LAND-BASED','Philippines','2019-12-01'),('1212-3434-5746','HWI','Telecom Engineer','PERMANENT/REGULAR','LAND-BASED','Philippines','2014-09-05'),('1212-3434-5747','DICT','ICT Officer','PERMANENT/REGULAR','LAND-BASED','Philippines','2019-04-12'),('1212-3434-5748','SKEC','Construction Engineer','PERMANENT/REGULAR','LAND-BASED','Philippines','2012-11-01'),('1212-3434-5749','PLDT','Network Specialist','CONTRACTUAL','LAND-BASED','Philippines','2021-06-01'),('1212-3434-5750','ORC','Database Administrator','PERMANENT/REGULAR','LAND-BASED','Philippines','2016-08-09'),('1212-3434-5751','PUP','Administrative Staff','CASUAL','LAND-BASED','Philippines','2018-02-18'),('1212-3434-5752','MNL','Electrical Engineer','PERMANENT/REGULAR','LAND-BASED','Philippines','2013-05-01'),('1212-3434-5753','CSC','Records Officer','PERMANENT/REGULAR','LAND-BASED','Philippines','2021-09-01'),('1212-3434-5754','BDO','Branch Officer','PERMANENT/REGULAR','LAND-BASED','Philippines','2015-01-13'),('1212-3434-5755','STECH','QA Engineer','CONTRACTUAL','LAND-BASED','Philippines','2020-04-01'),('1212-3434-5756','SCPH','Civil Engineer','PERMANENT/REGULAR','LAND-BASED','Philippines','2010-07-01'),('1212-3434-5757','GCH','UX Designer','PROJECT BASED','LAND-BASED','Philippines','2022-10-15'),('1212-3434-5758','AWS1','Solutions Architect','PERMANENT/REGULAR','LAND-BASED','Philippines','2014-03-01'),('1212-3434-5759','DOH','Medical Records Officer','PERMANENT/REGULAR','LAND-BASED','Philippines','2017-12-20'),('1212-3434-5760','AECO','Structural Engineer','PERMANENT/REGULAR','LAND-BASED','Philippines','2013-06-10'),('1212-3434-5761','PUP2','Financer','PERMANENT/REGULAR','LAND-BASED','United States','2024-11-15'),('1212-3434-5762','PUP1','Coder','PERMANENT/REGULAR',NULL,'Philippines','2026-01-01'),('1212-3434-5763','BDO','Human Resources','PERMANENT/REGULAR',NULL,'Philippines','2025-12-03'),('1212-3434-5764','OVP','Crocodile','PERMANENT/REGULAR',NULL,'Philippines','2024-12-21'),('1212-3434-5765','DOST','Researcher','CASUAL','SEA-BASED','Sa bahay mo','2025-12-22'),('1212-3434-5766','PUP4','Systems Operator','PERMANENT/REGULAR',NULL,'Philippines','2021-06-12'),('1212-3434-5769','ODP','Data Scientist','PERMANENT/REGULAR',NULL,'Philippines','2025-12-06'),('1212-3434-5770','ACN','Systems Administrator','PERMANENT/REGULAR',NULL,'Philippines','2026-01-01');
/*!40000 ALTER TABLE `currentemprecordtable` ENABLE KEYS */;
UNLOCK TABLES;

--
-- Table structure for table `heirstable`
--

DROP TABLE IF EXISTS `heirstable`;
/*!40101 SET @saved_cs_client     = @@character_set_client */;
/*!50503 SET character_set_client = utf8mb4 */;
CREATE TABLE `heirstable` (
  `PagIbig_MID_No` char(14) NOT NULL,
  `Heir_Code` int NOT NULL AUTO_INCREMENT,
  `Heirs_Name` varchar(50) DEFAULT NULL,
  `Heirs_Relationship` varchar(50) DEFAULT NULL,
  `Heirs_Birthdate` date NOT NULL,
  PRIMARY KEY (`PagIbig_MID_No`,`Heir_Code`),
  UNIQUE KEY `Heir_Code_UNIQUE` (`Heir_Code`),
  CONSTRAINT `fk_HeirsT_MemberT` FOREIGN KEY (`PagIbig_MID_No`) REFERENCES `membertable` (`PagIbig_MID_No`) ON DELETE CASCADE ON UPDATE CASCADE
) ENGINE=InnoDB AUTO_INCREMENT=309 DEFAULT CHARSET=utf8mb4 COLLATE=utf8mb4_0900_ai_ci COMMENT='Members table for dependents.';
/*!40101 SET character_set_client = @saved_cs_client */;

--
-- Dumping data for table `heirstable`
--

LOCK TABLES `heirstable` WRITE;
/*!40000 ALTER TABLE `heirstable` DISABLE KEYS */;
INSERT INTO `heirstable` VALUES ('1212-3434-5657',263,'Michael Tan','Parent','1980-12-12'),('1212-3434-5657',264,'Angel Tan','Parent','1980-12-12'),('1212-3434-5657',265,'Angelo Tan','Sibling','2010-10-10'),('1212-3434-5660',1,'Maria D. Cruz','Mother','1970-03-20'),('1212-3434-5669',2,'Mother Isidro','Mother','1970-03-20'),('1212-3434-5669',68,'Father Isidro','Father','1970-01-01'),('1212-3434-5672',25,'Mother Flores','Mother','1975-06-20'),('1212-3434-5672',26,'Father Flores','Father','1974-02-01'),('1212-3434-5673',71,'Mother Fabregas','Mother','1940-06-20'),('1212-3434-5673',72,'Father Fabregas','Father','1942-02-01'),('1212-3434-5676',24,'Miguel Jose D. Santos','Grandson','2018-04-12'),('1212-3434-5677',299,'Friday Francisco','Spouse','1992-07-23'),('1212-3434-5677',300,'Mother Francisco','Parent','1940-12-01'),('1212-3434-5678',100,'May Partel','Parent','1968-04-07'),('1212-3434-5689',13,'Mother Reyes','Mother','1968-09-14'),('1212-3434-5689',14,'Father Reyes','Father','1966-03-22'),('1212-3434-5694',15,'Mother Villanueva','Mother','1972-04-30'),('1212-3434-5694',16,'Father Villanueva','Father','1970-07-15'),('1212-3434-5701',27,'Maria Luisa T. Dela Cruz','Spouse','1987-09-14'),('1212-3434-5701',28,'Marco Luis R. Dela Cruz','Son','2015-02-10'),('1212-3434-5703',29,'Bernardo L. Mendoza','Father','1955-06-20'),('1212-3434-5704',30,'Miguel A. Torres','Spouse','1975-11-30'),('1212-3434-5704',31,'Sophia M. Torres','Daughter','2008-03-22'),('1212-3434-5705',32,'Kristine Joy M. Bautista','Spouse','2001-04-07'),('1212-3434-5707',33,'Carina B. Garcia','Spouse','1974-12-01'),('1212-3434-5707',34,'Andres G. Garcia','Son','2005-08-18'),('1212-3434-5709',35,'Vicente A. Ramos','Father','1940-05-11'),('1212-3434-5710',36,'Roberto C. Aquino','Spouse','1988-10-25'),('1212-3434-5711',37,'Gina P. Santiago','Spouse','1977-03-14'),('1212-3434-5711',38,'Ralph G. Santiago','Son','2002-07-30'),('1212-3434-5713',39,'Patricia A. Chan','Spouse','1985-09-09'),('1212-3434-5714',40,'Jose Evangelista','Spouse','1980-11-22'),('1212-3434-5717',42,'Nelia C. Castillo','Spouse','1963-04-28'),('1212-3434-5717',43,'Camille D. Castillo','Daughter','1992-01-05'),('1212-3434-5719',44,'Susan C. Dela Vega','Spouse','1979-07-12'),('1212-3434-5719',45,'Joshua J. Dela Vega','Son','2007-03-03'),('1212-3434-5720',46,'Luis R. Panganiban','Spouse','1997-11-19'),('1212-3434-5721',47,'Pia B. Reyes','Spouse','1990-12-05'),('1212-3434-5721',48,'Lucas M. Reyes','Son','2018-06-14'),('1212-3434-5721',57,'Pia B. Reyes','Spouse','1990-12-05'),('1212-3434-5721',58,'Lucas M. Reyes','Son','2018-06-14'),('1212-3434-5723',49,'Linda C. Aguilar','Spouse','1978-09-30'),('1212-3434-5723',50,'Raul Jr. F. Aguilar','Son','2005-04-17'),('1212-3434-5723',59,'Linda C. Aguilar','Spouse','1978-09-30'),('1212-3434-5723',60,'Raul Jr. F. Aguilar','Son','2005-04-17'),('1212-3434-5724',51,'Mark A. Ferrer','Spouse','1982-03-22'),('1212-3434-5724',61,'Mark A. Ferrer','Spouse','1982-03-22'),('1212-3434-5726',52,'Marcelo P. Magsino','Father','1945-11-08'),('1212-3434-5726',62,'Marcelo P. Magsino','Father','1945-11-08'),('1212-3434-5727',53,'Sophia A. Lim','Spouse','2002-07-19'),('1212-3434-5727',63,'Sophia A. Lim','Spouse','2002-07-19'),('1212-3434-5729',54,'Rosa C. Villanueva','Spouse','1983-10-01'),('1212-3434-5729',55,'Elena D. Villanueva','Daughter','2010-02-27'),('1212-3434-5729',64,'Rosa C. Villanueva','Spouse','1983-10-01'),('1212-3434-5729',65,'Elena D. Villanueva','Daughter','2010-02-27'),('1212-3434-5730',56,'Alvin P. Dela Rosa','Spouse','1983-08-11'),('1212-3434-5730',66,'Alvin P. Dela Rosa','Spouse','1983-08-11'),('1212-3434-5761',87,'Jules Vaughn','Spouse','2001-04-12'),('1212-3434-5761',88,'Gia Bennett','Sibling','2007-12-06'),('1212-3434-5762',89,'James Halimaw','Child','2005-12-03'),('1212-3434-5763',90,'Migel H. Tan','Other','2006-03-12'),('1212-3434-5764',101,'Hello Duterte','Child','2020-02-12'),('1212-3434-5765',102,'Mama ko si Pacencia','mama ko nga','1992-02-12'),('1212-3434-5766',110,'Mother Dela Cruz','Parent','1989-12-31'),('1212-3434-5766',111,'Father Dela Cruz','Parent','1987-05-12'),('1212-3434-5766',112,'Spouse Dela Cruz','Spouse','2006-12-12'),('1212-3434-5769',283,'Jonathan Henry Alba','Sibling','2005-12-04'),('1212-3434-5769',284,'Josiah Alba','Legal Heir','2002-08-09'),('1212-3434-5769',285,'Jinrho Cruz','Sibling','2007-12-12'),('1212-3434-5769',286,'Jerico Alba','Legal Heir','2007-12-12'),('1212-3434-5770',307,'Member Sibling','Sibling','2008-12-12'),('1212-3434-5770',308,'Father Surname','Parent','1970-12-12');
/*!40000 ALTER TABLE `heirstable` ENABLE KEYS */;
UNLOCK TABLES;

--
-- Table structure for table `membertable`
--

DROP TABLE IF EXISTS `membertable`;
/*!40101 SET @saved_cs_client     = @@character_set_client */;
/*!50503 SET character_set_client = utf8mb4 */;
CREATE TABLE `membertable` (
  `PagIbig_MID_No` char(14) NOT NULL,
  `Occupational_Status` varchar(21) NOT NULL,
  `Membership_Type` varchar(100) DEFAULT NULL,
  `Membership_Category` varchar(100) DEFAULT NULL,
  `Member_Name` varchar(50) NOT NULL,
  `Father_Name` varchar(50) DEFAULT NULL,
  `Mother_Name` varchar(50) DEFAULT NULL,
  `Spouse_Name` varchar(50) DEFAULT NULL,
  `Birthdate` date NOT NULL,
  `Marital_Status` varchar(17) NOT NULL,
  `Birthplace` varchar(45) NOT NULL,
  `Citizenship` varchar(50) DEFAULT NULL,
  `Sex` varchar(6) NOT NULL,
  `CRN` char(12) DEFAULT NULL,
  `Frequency_Of_Membership_Savings` varchar(15) NOT NULL,
  `TIN` char(14) DEFAULT NULL,
  `SSS` char(12) DEFAULT NULL,
  `Employee_Number` int DEFAULT NULL,
  `Present_Home_Address` varchar(255) NOT NULL,
  `Permanent_Home_Address` varchar(255) NOT NULL,
  `Preferred_Mailing_Address` varchar(25) NOT NULL,
  `Home_TelNum` varchar(20) DEFAULT NULL,
  `Cellphone_Num` varchar(13) NOT NULL,
  `Bus_DirectLine` varchar(20) DEFAULT NULL,
  `Bus_TrunkLine` varchar(20) DEFAULT NULL,
  `Local` varchar(6) DEFAULT NULL,
  `Email_Address` varchar(255) NOT NULL,
  `Allow_Basic` decimal(10,2) NOT NULL,
  `Allow_Other_Sources` decimal(10,2) DEFAULT NULL,
  `Total_Mo_Income` decimal(10,2) DEFAULT NULL,
  `Application_Status` varchar(20) NOT NULL DEFAULT 'INCOMPLETE',
  PRIMARY KEY (`PagIbig_MID_No`),
  UNIQUE KEY `PagIbig_MID_No_UNIQUE` (`PagIbig_MID_No`)
) ENGINE=InnoDB DEFAULT CHARSET=utf8mb4 COLLATE=utf8mb4_0900_ai_ci COMMENT='Member''s relevant details.';
/*!40101 SET character_set_client = @saved_cs_client */;

--
-- Dumping data for table `membertable`
--

LOCK TABLES `membertable` WRITE;
/*!40000 ALTER TABLE `membertable` DISABLE KEYS */;
INSERT INTO `membertable` VALUES ('1212-3434-5656','EMPLOYED','EMPLOYED','PRIVATE','Robert D. Sarmiento','Daniel M. Sarmiento','Georgia L. Diana','Cynthia W. Sarmiento','1990-11-21','MARRIED','Quezon City','Filipino','MALE','226000000000','Monthly','123-456-789-01','13-2345678-0',2147483647,'810 Southroad St., Jude Luxury Homes, Tandang Sora, Quezon City, Metro Manila','810 Southroad St., Jude Luxury Homes, Tandang Sora, Quezon City, Metro Manila','Present Home Address','(02) 8123-4567','0917-123-4567','(02) 8888-9999','(02) 8555-0000','101','robertoboypaos@gmail.com',120000.00,40000.00,160000.00,'INCOMPLETE'),('1212-3434-5657','EMPLOYED','EMPLOYED','GOVERNMENT','Migel H. Tan','Michael T. Tan','Angelica H. Tan','Minnie Tan','2006-03-12','MARRIED','Manila City','Filipino','MALE','225501000000','Quarterly','123-456-789-02','13-2345678-1',2147483647,'#23 La-Huerta Subdivision, Marulas, Valenzuela City','#23 La-Huerta Subdivision, Marulas, Valenzuela City','Present Home Address','(02) 8123-4568','0956-740-1232','(02) 8888-10000','(02) 8555-0001','102','migellltan@gmail.com',250000.00,90000.00,340000.00,'INCOMPLETE'),('1212-3434-5658','EMPLOYED','OVERSEAS FILIPINO WORKER','OVERSEAS FILIPINO WORKER','James Escanillas','Father Escanillas','Mother Escanillas','Spouse Escanillas','2006-12-03','MARRIED','Quezon City','Filipino','MALE','226000000001','Monthly','123-456-789-03','13-2345678-2',2147483647,'154 Olibas St. Nawasa Side Brgy Pasong Tamo QC','154 Olibas St. Nawasa Side Brgy Pasong Tamo QC','Permanent Home Address','(02) 8123-4569','0992-843-9679','(02) 8888-10001','(02) 8555-0002','103','jamesescanillas3@gmail.com',250000.00,90000.00,340000.00,'INCOMPLETE'),('1212-3434-5659','EMPLOYED','EMPLOYED','PRIVATE HOUSEHOLD','Raven Rayo','Father Rayo','Mother Rayo','Spouse Surname','2005-09-07','MARRIED','Bulacan','Filipino','FEMALE','225501000001','Monthly','123-456-789-04','13-2345678-3',2147483647,'Bliss, Poblacion, Norzagaray Bulacan','Bliss, Poblacion, Norzagaray Bulacan','Employer/Business Address','(02) 8123-4570','0967-738-5677','(02) 8888-10002','(02) 8555-0003','104','ravenjoyce07@gmail.com',250000.00,90000.00,340000.00,'INCOMPLETE'),('1212-3434-5660','EMPLOYED','EMPLOYED','PRIVATE','Yeshua Adrielle S. Arjona','Father Arjona','Mother Arjona',NULL,'2005-04-15','SINGLE','Manila City','Filipino','MALE','226000000002','Monthly','123-456-789-05','13-2345678-4',12345,'SJDM Bulacan','SJDM Bulacan','Present Home Address','(02) 8123-4571','0917-000-0001',NULL,NULL,NULL,'yeshua@gmail.com',30000.00,NULL,30000.00,'INCOMPLETE'),('1212-3434-5669','EMPLOYED','EMPLOYED','PRIVATE','James Patrick M. Isidro','Father Isidro','Mother Isidro',NULL,'2005-04-12','SINGLE','Pasig City','Filipino','MALE','226000000123','Monthly','123-456-789-09','13-2345168-4',123422225,'Pasig City','Pasig City','Present Home Address','(02) 8123-4571','0917-000-0001',NULL,NULL,NULL,'patrickjamesisidro@gmail.com',300220.00,NULL,3002200.00,'INCOMPLETE'),('1212-3434-5672','EMPLOYED','EMPLOYED','PRIVATE','Fern G. Flores','Father Flores','Mother Flores',NULL,'2005-03-12','SINGLE','Mandaluyong City','Filipino','FEMALE','226000400126','Monthly','123-456-589-19','13-2343168-7',123428225,'Mandaluyong City','Mandaluyong City','Present Home Address','(02) 8123-4571','0917-000-0001',NULL,NULL,NULL,'fernflores@gmail.com',3003201.00,NULL,3003200.00,'INCOMPLETE'),('1212-3434-5673','EMPLOYED','EMPLOYED','PRIVATE','Dr. Aleta Fabregas','Father Fabregas','Mother Fabregas',NULL,'1960-05-14','MARRIED','Manila City','Filipino','FEMALE','226000400129','Monthly','123-456-599-19','13-2343168-7',123428225,'Mandaluyong City','Mandaluyong City','Present Home Address','(02) 8123-4571','0917-000-0001',NULL,NULL,NULL,'fabregas@gmail.com',3003201.00,NULL,3003200.00,'INCOMPLETE'),('1212-3434-5675','EMPLOYED','SELF-EMPLOYED','PROFESSIONAL/BUSINESS OWNER','Jasmine Shaine B. Arjona','Benjamin R. Arjona','Rosario B. Arjona','Yeshua Adrielle S. Arjona','2004-08-22','MARRIED','Quezon City','Filipino','FEMALE','226000000003','Monthly','987-654-321-02','33-4567890-1',111223344,'Block 1 Lot 1 Phase B, Brgy. Mulawin Francisco Homes 1 City of San Jose del Monte, Bulacan','Taguig City, PH','Present Home Address','(02) 8765-4321','0918-000-0002','(02) 8800-1234','','102','jasmine.arjona@gmail.com',45000.00,5000.00,50000.00,'INCOMPLETE'),('1212-3434-5676','EMPLOYED','OVERSEAS FILIPINO WORKER','PRIVATE','Ramon Cruz D. Santos','Eduardo D. Santos','Lourdes C. Santos',NULL,'1968-06-14','SINGLE','Caloocan City','Filipino','MALE','226000000004','Monthly','321-654-987-01','04-5678901-2',99001,'Block 5 Lot 3 Brgy. Camarin, Caloocan City','Block 5 Lot 3 Brgy. Camarin, Caloocan City','Permanent Home Address',NULL,'0920-000-0003',NULL,NULL,NULL,'ramon.santos@gmail.com',60000.00,NULL,60000.00,'INCOMPLETE'),('1212-3434-5677','EMPLOYED','EMPLOYED','GOVERNMENT','Felix F. Francisco','Father Francisco','Mother Francisco','Friday Francisco','1991-06-07','MARRIED','Quezon City','Filipino','MALE','226000400067','Monthly','123-456-589-06','13-2343168-5',12293678,'Quezon City','Quezon City','Present Home Address','(02) 8223-3248','0923-555-2988','','','','felixfran23@gmail.com',40000.00,0.00,40000.00,'INCOMPLETE'),('1212-3434-5678','EMPLOYED','EMPLOYED','PRIVATE','Peter Partel','Ben Partel','May Partel',NULL,'1997-04-22','SINGLE','Cebu City','Filipino','MALE','222492923485','Monthly','123-456-222-02','13-2342289-8',123428226,'6 Gateway St., Barangay 167, Caloocan','6 Gateway St., Barangay 167, Caloocan','Present Home Address','(02) 8324-5656','0917-591-6348',NULL,NULL,NULL,'petpat88@gmail.com',43200.00,NULL,43200.00,'INCOMPLETE'),('1212-3434-5689','EMPLOYED','EMPLOYED','PRIVATE','Rhian O. Reyes','Father Reyes','Mother Reyes',NULL,'1997-08-05','SINGLE','Pasig City','Filipino','MALE','226000400127','Monthly','123-456-589-20','13-2343168-8',123428226,'Pasig City','Pasig City','Present Home Address','(02) 8123-4572','0917-000-0002',NULL,NULL,NULL,'carloreyes@gmail.com',45000.00,NULL,45000.00,'INCOMPLETE'),('1212-3434-5694','EMPLOYED','EMPLOYED','PRIVATE','Diana M. Villanueva','Father Villanueva','Mother Villanueva',NULL,'2000-11-18','SINGLE','Marikina City','Filipino','FEMALE','226000400128','Monthly','123-456-589-21','13-2343168-9',123428227,'Marikina City','Marikina City','Present Home Address','(02) 8123-4573','0917-000-0003',NULL,NULL,NULL,'dianav@gmail.com',52000.00,NULL,52000.00,'INCOMPLETE'),('1212-3434-5695','EMPLOYED','test','test','Risa Hontiveros','Ramon Hontiveros','Chit Navarro','Francisco Baraquel Jr.','1966-02-24','WIDOWED','Manila City','Filipino','FEMALE','1311','Annual','11222','11111',4144,'Pasay City','Pasay City','Permanent Home Address','9999999','09232221111','213133','+12222','2222','risahontiveros@gmail.com',500000.00,6700.00,506700.00,'INCOMPLETE'),('1212-3434-5696','FIRST TIME JOBSEEKERS','EMPLOYED','PRIVATE','Amiel Andrei C. Reyes','Arsenio Reyes','Leonor Reyes','Migel Tan','2002-09-24','MARRIED','Quezon Province','Filipino','MALE','','Semi-Annual','','',NULL,'Project 8, Quezon City, Metro Manila','Tiaong, Quezon Province','Present Home Address','','639916178708','','','','',30000.00,0.00,30000.00,'INCOMPLETE'),('1212-3434-5697','UNEMPLOYED','OVERSEAS FILIPINO WORKER','OTHER EARNING GROUPS','Alice Guo','Father Guo','Mother Guo','Spouse Guo','1998-12-03','LEGALLY SEPARATED','Bamban, Tarlac','Other','FEMALE','1333333','Quarterly','242424242','414141414',22222,'Bamban, Tarlac, China','Bamban, Tarlac, China','Permanent Home Address','','33333333','','','','',1200000.00,0.00,1200000.00,'INCOMPLETE'),('1212-3434-5698','UNEMPLOYED','OVERSEAS FILIPINO WORKER','PROFESSIONAL/BUSINESS OWNER','Denmar Bautista','Father Butista','Mother Bautista','','2005-12-03','MARRIED','Manila','Filipino','MALE','','Annual','','',NULL,'Manila City','Manila City','Permanent Home Address','','639999999999','','','','',333333.00,0.00,333333.00,'INCOMPLETE'),('1212-3434-5701','EMPLOYED','EMPLOYED','GOVERNMENT','Carlos M. Dela Cruz','Manuel R. Dela Cruz','Natividad M. Santos','Maria Luisa T. Dela Cruz','1985-03-10','MARRIED','Manila City','Filipino','MALE','226000500101','Monthly','456-789-123-01','04-1234567-0',30001,'12 Mabuhay St., Brgy. Commonwealth, Quezon City','12 Mabuhay St., Brgy. Commonwealth, Quezon City','Present Home Address','(02) 8411-2233','0918-111-2233','(02) 8700-1010','(02) 8700-2020','201','carlos.delacruz@gmail.com',55000.00,8000.00,63000.00,'INCOMPLETE'),('1212-3434-5702','EMPLOYED','EMPLOYED','PRIVATE','Maria Isabella R. Lim','Richard S. Lim','Caridad R. Lim',NULL,'1995-07-22','SINGLE','Cebu City','Filipino','FEMALE','226000500102','Monthly','456-789-123-02','04-1234567-1',30002,'Unit 4B Greenfield Tower, Mandaluyong City','Unit 4B Greenfield Tower, Mandaluyong City','Present Home Address',NULL,'0932-222-3344',NULL,NULL,NULL,'isabella.lim@gmail.com',38000.00,NULL,38000.00,'INCOMPLETE'),('1212-3434-5703','EMPLOYED','OVERSEAS FILIPINO WORKER','PRIVATE','Eduardo B. Mendoza','Bernardo L. Mendoza','Josefa B. Reyes',NULL,'1980-09-15','SINGLE','Batangas City','Filipino','MALE','226000500103','Monthly','456-789-123-03','04-1234567-2',30003,'Lot 7 Blk 3, Brgy. Palahanan, Batangas City','Lot 7 Blk 3, Brgy. Palahanan, Batangas City','Permanent Home Address',NULL,'0920-333-4455',NULL,NULL,NULL,'eduardo.mendoza@gmail.com',75000.00,NULL,75000.00,'INCOMPLETE'),('1212-3434-5704','EMPLOYED','SELF-EMPLOYED','PROFESSIONAL/BUSINESS OWNER','Angela C. Torres','Francisco C. Castillo','Remedios C. Torres','Miguel A. Torres','1978-12-01','MARRIED','Iloilo City','Filipino','FEMALE','226000500104','Quarterly','456-789-123-04','04-1234567-3',NULL,'88 Sunset Ave., Brgy. Malabanias, Angeles City','88 Sunset Ave., Brgy. Malabanias, Angeles City','Present Home Address','(045) 888-1234','0917-444-5566','(045) 888-5678',NULL,NULL,'angela.torres@businessmail.com',90000.00,25000.00,115000.00,'INCOMPLETE'),('1212-3434-5705','FIRST TIME JOBSEEKERS','EMPLOYED','GOVERNMENT','Juan Paolo S. Bautista','Salvador R. Bautista','Erlinda S. Reyes','Kristine Joy M. Bautista','2000-05-30','MARRIED','Dagupan City','Filipino','MALE','226000500105','Monthly','456-789-123-05','04-1234567-4',30005,'Blk 12 Lot 5, Villa Verde Subd., Dagupan City','Blk 12 Lot 5, Villa Verde Subd., Dagupan City','Present Home Address','(075) 522-1122','0956-555-6677',NULL,NULL,NULL,'juanpaolo.bautista@gov.ph',28000.00,NULL,28000.00,'INCOMPLETE'),('1212-3434-5706','UNEMPLOYED','OVERSEAS FILIPINO WORKER','OTHER EARNING GROUPS','Maricel P. Navarro','Pedro V. Navarro','Lorna P. Navarro',NULL,'1987-04-18','LEGALLY SEPARATED','Zamboanga City','Filipino','FEMALE','226000500106','Semi-Annual','456-789-123-06','04-1234567-5',NULL,'Purok 3, Brgy. Tetuan, Zamboanga City','Purok 3, Brgy. Tetuan, Zamboanga City','Permanent Home Address',NULL,'0999-666-7788',NULL,NULL,NULL,'maricel.navarro@yahoo.com',50000.00,10000.00,60000.00,'INCOMPLETE'),('1212-3434-5707','EMPLOYED','EMPLOYED','PRIVATE HOUSEHOLD','Renato O. Garcia','Octavio G. Garcia','Milagros O. Dela Paz','Carina B. Garcia','1972-08-25','MARRIED','Davao City','Filipino','MALE','226000500107','Monthly','456-789-123-07','04-1234567-6',30007,'99 Durian St., Brgy. Matina, Davao City','99 Durian St., Brgy. Matina, Davao City','Present Home Address','(082) 233-4455','0910-777-8899',NULL,NULL,NULL,'renato.garcia@gmail.com',22000.00,5000.00,27000.00,'INCOMPLETE'),('1212-3434-5708','EMPLOYED','EMPLOYED','PRIVATE','Sophia Anne B. Cruz','Benjamin L. Cruz','Teresita B. Mangubat',NULL,'2001-11-09','SINGLE','Marikina City','Filipino','FEMALE','226000500108','Monthly','456-789-123-08','04-1234567-7',30008,'Apt. 2C, The Residences, Cainta, Rizal','Apt. 2C, The Residences, Cainta, Rizal','Present Home Address',NULL,'0945-888-9900',NULL,NULL,NULL,'sophia.cruz@gmail.com',25000.00,NULL,25000.00,'INCOMPLETE'),('1212-3434-5709','EMPLOYED','SELF-EMPLOYED','OTHER EARNING GROUPS','Ernesto V. Ramos','Vicente A. Ramos','Purificacion V. Santos',NULL,'1965-02-14','WIDOWED','Laguna','Filipino','MALE','226000500109','Quarterly','456-789-123-09','04-1234567-8',NULL,'Phase 2, Villa Sta. Rosa, Sta. Rosa City, Laguna','Phase 2, Villa Sta. Rosa, Sta. Rosa City, Laguna','Present Home Address','(049) 544-3322','0928-999-0011',NULL,NULL,NULL,'ernesto.ramos@outlook.com',35000.00,15000.00,50000.00,'INCOMPLETE'),('1212-3434-5710','EMPLOYED','OVERSEAS FILIPINO WORKER','PRIVATE','Liezel D. Aquino','Danilo M. Aquino','Gloria D. Perez','Roberto C. Aquino','1990-06-03','MARRIED','Lucena City','Filipino','FEMALE','226000500110','Monthly','456-789-123-10','04-1234567-9',30010,'No. 15 Sampaguita St., Brgy. Gulang-Gulang, Lucena City','No. 15 Sampaguita St., Brgy. Gulang-Gulang, Lucena City','Permanent Home Address',NULL,'0917-000-1122',NULL,NULL,NULL,'liezel.aquino@gmail.com',80000.00,NULL,80000.00,'INCOMPLETE'),('1212-3434-5711','EMPLOYED','EMPLOYED','GOVERNMENT','Roland G. Santiago','Gregorio A. Santiago','Felicitas G. Delos Reyes','Gina P. Santiago','1975-10-19','MARRIED','Cabanatuan City','Filipino','MALE','226000500111','Annual','456-789-123-11','04-1234568-0',30011,'Block 7 Lot 2, Camella Homes, Cabanatuan City','Block 7 Lot 2, Camella Homes, Cabanatuan City','Employer/Business Address','(044) 600-1122','0923-111-2200','(044) 600-3344',NULL,'301','roland.santiago@gov.ph',65000.00,10000.00,75000.00,'INCOMPLETE'),('1212-3434-5712','FIRST TIME JOBSEEKERS','EMPLOYED','PRIVATE','Carmela T. Villanueva','Teodoro R. Villanueva','Corazon T. Mendiola',NULL,'2003-01-27','SINGLE','Bataan','Filipino','FEMALE','226000500112','Monthly','456-789-123-12','04-1234568-1',30012,'Purok Ilang-Ilang, Brgy. Poblacion, Balanga City','Purok Ilang-Ilang, Brgy. Poblacion, Balanga City','Present Home Address',NULL,'0915-222-3311',NULL,NULL,NULL,'carmela.villanueva@gmail.com',18000.00,NULL,18000.00,'INCOMPLETE'),('1212-3434-5713','EMPLOYED','EMPLOYED','PRIVATE','Dennis K. Chan','Kwok L. Chan','Rosalinda K. Uy','Patricia A. Chan','1983-07-30','MARRIED','Binondo, Manila','Filipino','MALE','226000500113','Monthly','456-789-123-13','04-1234568-2',30013,'5F The Pinnacle Condo, Makati City','5F The Pinnacle Condo, Makati City','Present Home Address','(02) 8888-4455','0917-333-4422','(02) 8999-1100','(02) 8999-2200','401','dennis.chan@gmail.com',120000.00,30000.00,150000.00,'INCOMPLETE'),('1212-3434-5714','EMPLOYED','OVERSEAS FILIPINO WORKER','PROFESSIONAL/BUSINESS OWNER','Lourdes R. Evangelista','Ricardo S. Evangelista','Nora R. Santos','Jose Evangelista','1982-04-05','MARRIED','Ilocos Norte','Filipino','FEMALE','226000500114','Monthly','456-789-123-14','04-1234568-3',30014,'Brgy. 22, City of Laoag, Ilocos Norte','Brgy. 22, City of Laoag, Ilocos Norte','Permanent Home Address',NULL,'0920-444-5533',NULL,NULL,NULL,'lourdes.evangelista@gmail.com',95000.00,5000.00,100000.00,'INCOMPLETE'),('1212-3434-5715','EMPLOYED','EMPLOYED','PRIVATE','Ngo Wei Bin','Ngo Kang Wei','Lin Shu Bin',NULL,'1991-09-12','SINGLE','Fujian, China','Other','MALE','226000500115','Monthly','456-789-123-15','04-1234568-4',30015,'Unit 12A Pacific Plaza, Bonifacio Global City, Taguig','Unit 12A Pacific Plaza, Bonifacio Global City, Taguig','Present Home Address','(02) 8818-1234','0917-555-6644','(02) 8818-5678',NULL,'501','ngo.weibin@gmail.com',85000.00,15000.00,100000.00,'INCOMPLETE'),('1212-3434-5717','EMPLOYED','EMPLOYED','GOVERNMENT','Arsenio D. Castillo','Diego F. Castillo','Adoracion D. Florendo','Nelia C. Castillo','1960-11-03','MARRIED','Pampanga','Filipino','MALE','226000500117','Quarterly','456-789-123-17','04-1234568-6',30017,'Villa Lucia Subd., Brgy. Dolores, San Fernando, Pampanga','Villa Lucia Subd., Brgy. Dolores, San Fernando, Pampanga','Employer/Business Address','(045) 455-1010','0923-777-8866','(045) 455-2020',NULL,'601','arsenio.castillo@gov.ph',75000.00,5000.00,80000.00,'INCOMPLETE'),('1212-3434-5718','EMPLOYED','EMPLOYED','PRIVATE HOUSEHOLD','Glaiza M. Soriano','Manuel T. Soriano','Marita M. Buenaventura',NULL,'2002-08-17','SINGLE','Cavite City','Filipino','FEMALE','226000500118','Monthly','456-789-123-18','04-1234568-7',30018,'No. 3 Narra St., Brgy. Zapote, Las Pinas City','No. 3 Narra St., Brgy. Zapote, Las Pinas City','Present Home Address',NULL,'0910-888-9977',NULL,NULL,NULL,'glaiza.soriano@gmail.com',16000.00,2000.00,18000.00,'INCOMPLETE'),('1212-3434-5719','EMPLOYED','OVERSEAS FILIPINO WORKER','PRIVATE','Rommel J. Dela Vega','Julian D. Dela Vega','Conception J. Macaraeg','Susan C. Dela Vega','1977-05-20','MARRIED','Pangasinan','Filipino','MALE','226000500119','Monthly','456-789-123-19','04-1234568-8',30019,'Poblacion, Urdaneta City, Pangasinan','Poblacion, Urdaneta City, Pangasinan','Permanent Home Address',NULL,'0920-999-0088',NULL,NULL,NULL,'rommel.delavega@gmail.com',88000.00,NULL,88000.00,'INCOMPLETE'),('1212-3434-5720','FIRST TIME JOBSEEKERS','EMPLOYED','GOVERNMENT','Kristine Mae O. Panganiban','Oscar C. Panganiban','Dolores O. Magsino','Luis R. Panganiban','1999-02-14','MARRIED','Antipolo City','Filipino','FEMALE','226000500120','Monthly','456-789-123-20','04-1234568-9',30020,'Brgy. San Isidro, Antipolo City, Rizal','Brgy. San Isidro, Antipolo City, Rizal','Present Home Address','(02) 8697-3344','0956-000-1199',NULL,NULL,NULL,'kristine.panganiban@gov.ph',32000.00,NULL,32000.00,'INCOMPLETE'),('1212-3434-5721','EMPLOYED','EMPLOYED','PRIVATE','Marco Luis A. Reyes','Alfredo C. Reyes','Estrella A. Delos Santos','Pia B. Reyes','1988-04-11','MARRIED','Quezon City','Filipino','MALE','226000600101','Monthly','567-890-234-01','05-2345679-0',40001,'45 Mapagkawanggawa St., Brgy. Pinyahan, Quezon City','45 Mapagkawanggawa St., Brgy. Pinyahan, Quezon City','Present Home Address','(02) 8411-3300','0917-211-3300','(02) 8730-1000',NULL,'701','marco.reyes@gmail.com',58000.00,7000.00,65000.00,'INCOMPLETE'),('1212-3434-5722','EMPLOYED','EMPLOYED','PRIVATE','Hannah Grace C. Soriano','Cesar D. Soriano','Nilda C. Bautista',NULL,'1997-09-03','SINGLE','Parañaque City','Filipino','FEMALE','226000600102','Monthly','567-890-234-02','05-2345679-1',40002,'Blk 8 Lot 12, BF Homes, Parañaque City','Blk 8 Lot 12, BF Homes, Parañaque City','Present Home Address',NULL,'0945-322-4411',NULL,NULL,NULL,'hannah.soriano@gmail.com',32000.00,NULL,32000.00,'INCOMPLETE'),('1212-3434-5723','EMPLOYED','EMPLOYED','GOVERNMENT','Dr. Raul F. Aguilar','Fidel M. Aguilar','Cecilia F. Perez','Linda C. Aguilar','1976-01-28','MARRIED','Iloilo City','Filipino','MALE','226000600103','Monthly','567-890-234-03','05-2345679-2',40003,'No. 7 Dahlia St., Brgy. Don Bosco, Parañaque City','No. 7 Dahlia St., Brgy. Don Bosco, Parañaque City','Present Home Address','(02) 8842-5500','0923-433-5500','(02) 8651-7800',NULL,'801','raul.aguilar@doh.gov.ph',85000.00,12000.00,97000.00,'INCOMPLETE'),('1212-3434-5724','EMPLOYED','OVERSEAS FILIPINO WORKER','PRIVATE','Ana Kristine D. Ferrer','Domingo L. Ferrer','Luz D. Villanueva','Mark A. Ferrer','1984-07-19','MARRIED','Batangas City','Filipino','FEMALE','226000600104','Monthly','567-890-234-04','05-2345679-3',40004,'Phase 3 Sunrise Villas, Lipa City, Batangas','Phase 3 Sunrise Villas, Lipa City, Batangas','Permanent Home Address',NULL,'0920-544-6622',NULL,NULL,NULL,'ana.ferrer@gmail.com',92000.00,NULL,92000.00,'INCOMPLETE'),('1212-3434-5725','EMPLOYED','EMPLOYED','PRIVATE','Lorenzo B. Santos','Benjamin O. Santos','Cristina B. Ocampo',NULL,'1993-12-25','SINGLE','Makati City','Filipino','MALE','226000600105','Monthly','567-890-234-05','05-2345679-4',40005,'3F The Columns, Makati City','3F The Columns, Makati City','Present Home Address','(02) 8816-4400','0917-655-7733','(02) 8816-5500','(02) 8816-6600','901','lorenzo.santos@gmail.com',110000.00,20000.00,130000.00,'INCOMPLETE'),('1212-3434-5726','EMPLOYED','EMPLOYED','GOVERNMENT','Dr. Evelyn M. Cruz','Marcelo P. Magsino','Norma M. Aquino',NULL,'1969-06-06','WIDOWED','Laguna','Filipino','FEMALE','226000600106','Quarterly','567-890-234-06','05-2345679-5',40006,'No. 14 Acacia Ave., Brgy. Bagong Ilog, Pasig City','No. 14 Acacia Ave., Brgy. Bagong Ilog, Pasig City','Present Home Address','(02) 8641-2222','0928-766-8844','(02) 8837-2000',NULL,'1001','evelyn.cruz@dost.gov.ph',95000.00,15000.00,110000.00,'INCOMPLETE'),('1212-3434-5727','FIRST TIME JOBSEEKERS','EMPLOYED','PRIVATE','Andrei Kyle P. Lim','Philip J. Lim','Maricel P. Ong','Sophia A. Lim','2001-03-07','MARRIED','Taguig City','Filipino','MALE','226000600107','Monthly','567-890-234-07','05-2345679-6',40007,'Unit 5B McKinley Hill Garden Villas, Taguig City','Unit 5B McKinley Hill Garden Villas, Taguig City','Present Home Address',NULL,'0956-877-9955',NULL,NULL,NULL,'andrei.lim@gmail.com',26000.00,NULL,26000.00,'INCOMPLETE'),('1212-3434-5728','EMPLOYED','SELF-EMPLOYED','PROFESSIONAL/BUSINESS OWNER','Bianca Isabelle R. Tan','Ricardo S. Tan','Gloria R. Chan',NULL,'1990-10-31','SINGLE','Mandaluyong City','Filipino','FEMALE','226000600108','Monthly','567-890-234-08','05-2345679-7',NULL,'Brgy. Wack-Wack, Mandaluyong City','Brgy. Wack-Wack, Mandaluyong City','Present Home Address','(02) 8532-1100','0945-988-0066','(02) 8532-2200',NULL,NULL,'bianca.tan@gmail.com',75000.00,18000.00,93000.00,'INCOMPLETE'),('1212-3434-5729','EMPLOYED','EMPLOYED','PRIVATE','Enrique D. Villanueva','Domingo E. Villanueva','Pilar D. Hernandez','Rosa C. Villanueva','1981-08-14','MARRIED','Pasig City','Filipino','MALE','226000600109','Monthly','567-890-234-09','05-2345679-8',40009,'No. 22 Meralco Ave., Brgy. Ugong, Pasig City','No. 22 Meralco Ave., Brgy. Ugong, Pasig City','Present Home Address','(02) 8631-3300','0917-099-1177','(02) 8672-1600','(02) 8672-1700','1101','enrique.villanueva@gmail.com',72000.00,8000.00,80000.00,'INCOMPLETE'),('1212-3434-5730','EMPLOYED','EMPLOYED','GOVERNMENT','Sheila Marie O. Dela Rosa','Onofre C. Dela Rosa','Teresita O. Gutierrez','Alvin P. Dela Rosa','1985-05-23','MARRIED','Antipolo City','Filipino','FEMALE','226000600110','Monthly','567-890-234-10','05-2345679-9',40010,'Brgy. Mayamot, Antipolo City, Rizal','Brgy. Mayamot, Antipolo City, Rizal','Present Home Address','(02) 8697-4455','0923-100-2288',NULL,NULL,NULL,'sheila.delarosa@gmail.com',48000.00,6000.00,54000.00,'INCOMPLETE'),('1212-3434-5731','EMPLOYED','OVERSEAS FILIPINO WORKER','OVERSEAS FILIPINO WORKER','Janet Nishimura','Rino Tan','Milagros Tagle','Michi Nishimura','1986-09-18','MARRIED','Manila, Philippines','Filipino','FEMALE','','Quarterly','','',NULL,'Nagoya Prefecture, Japan','Nagoya Prefecture, Japan','Present Home Address','','631282828282','','','','',67000.00,8400.00,75400.00,'INCOMPLETE'),('1212-3434-5732','EMPLOYED','EMPLOYED','PRIVATE','Reyes, Jose Miguel B.','Eduardo Reyes','Carmen Bautista',NULL,'1988-07-22','SINGLE','Quezon City','Filipino','MALE','CRN10000002','MONTHLY','234-567-890-01','45-6789012-3',10002,'456 Katipunan Ave., Quezon City','456 Katipunan Ave., Quezon City','PRESENT','02-85552002','09172000002',NULL,NULL,NULL,'jose.reyes@yahoo.com',85000.00,15000.00,100000.00,'INCOMPLETE'),('1212-3434-5733','EMPLOYED','EMPLOYED','GOVERNMENT','Dela Cruz, Ana Beatriz C.','Fernando Dela Cruz','Gloria Mendoza',NULL,'1992-11-05','SINGLE','Makati City','Filipino','FEMALE','CRN10000003','MONTHLY','345-678-901-02','56-7890123-4',10003,'789 Ayala Ave., Makati City','789 Ayala Ave., Makati City','PRESENT','02-85553003','09173000003',NULL,NULL,NULL,'ana.delacruz@gmail.com',90000.00,10000.00,100000.00,'INCOMPLETE'),('1212-3434-5734','EMPLOYED','EMPLOYED','PRIVATE','Garcia, Luis Antonio D.','Manuel Garcia','Rosario Flores',NULL,'1985-04-18','MARRIED','Mandaluyong City','Filipino','MALE','CRN10000004','MONTHLY','456-789-012-03','67-8901234-5',10004,'321 Shaw Blvd., Mandaluyong City','321 Shaw Blvd., Mandaluyong City','PRESENT','02-85554004','09174000004',NULL,NULL,NULL,'luis.garcia@outlook.com',95000.00,25000.00,120000.00,'INCOMPLETE'),('1212-3434-5736','EMPLOYED','EMPLOYED','PRIVATE','Tan, Roberto Carlos F.','Alfonso Tan','Milagros Chan',NULL,'1987-12-12','MARRIED','Taguig City','Filipino','MALE','CRN10000006','MONTHLY','678-901-234-05','89-0123456-7',10006,'987 BGC, Taguig City','987 BGC, Taguig City','PRESENT','02-85556006','09176000006',NULL,NULL,NULL,'roberto.tan@gmail.com',120000.00,20000.00,140000.00,'INCOMPLETE'),('1212-3434-5737','EMPLOYED','EMPLOYED','GOVERNMENT','Villanueva, Sandra Mae G.','Rodrigo Villanueva','Teresita Ramos',NULL,'1991-06-25','SINGLE','Manila','Filipino','FEMALE','CRN10000007','MONTHLY','789-012-345-06','90-1234567-8',10007,'147 Roxas Blvd., Manila','147 Roxas Blvd., Manila','PRESENT','02-85557007','09177000007',NULL,NULL,NULL,'sandra.villanueva@gov.ph',65000.00,10000.00,75000.00,'INCOMPLETE'),('1212-3434-5738','EMPLOYED','EMPLOYED','PRIVATE','Fernandez, Mark Daniel H.','Andres Fernandez','Concepcion Torres',NULL,'1989-02-14','SINGLE','Quezon City','Filipino','MALE','CRN10000008','MONTHLY','890-123-456-07','01-2345678-9',10008,'258 Commonwealth Ave., Quezon City','258 Commonwealth Ave., Quezon City','PRESENT','02-85558008','09178000008',NULL,NULL,NULL,'mark.fernandez@gmail.com',80000.00,20000.00,100000.00,'INCOMPLETE'),('1212-3434-5739','EMPLOYED','EMPLOYED','PRIVATE','Cruz, Patricia Anne I.','Benjamin Cruz','Angelina Navarro',NULL,'1994-08-08','SINGLE','Caloocan City','Filipino','FEMALE','CRN10000009','MONTHLY','901-234-567-08','12-3456789-0',10009,'369 A. Mabini St., Caloocan City','369 A. Mabini St., Caloocan City','PRESENT','02-85559009','09179000009',NULL,NULL,NULL,'patricia.cruz@yahoo.com',70000.00,15000.00,85000.00,'INCOMPLETE'),('1212-3434-5740','EMPLOYED','EMPLOYED','PRIVATE','Gonzales, Aaron James J.','Ricardo Gonzales','Esperanza Dela Rosa',NULL,'1986-05-20','MARRIED','Las Pinas City','Filipino','MALE','CRN10000010','MONTHLY','012-345-678-09','23-4567890-1',10010,'741 Alabang-Zapote Rd., Las Pinas City','741 Alabang-Zapote Rd., Las Pinas City','PRESENT','02-85550010','09170000010',NULL,NULL,NULL,'aaron.gonzales@gmail.com',100000.00,25000.00,125000.00,'INCOMPLETE'),('1212-3434-5741','EMPLOYED','EMPLOYED','PRIVATE','Morales, Diana Rose K.','Victor Morales','Josephine Castillo',NULL,'1995-01-17','SINGLE','Muntinlupa City','Filipino','FEMALE','CRN10000011','MONTHLY','123-456-789-10','34-5678901-1',10011,'852 Alabang Town Center, Muntinlupa City','852 Alabang Town Center, Muntinlupa City','PRESENT','02-85551011','09171000011',NULL,NULL,NULL,'diana.morales@gmail.com',88000.00,12000.00,100000.00,'INCOMPLETE'),('1212-3434-5742','EMPLOYED','EMPLOYED','GOVERNMENT','Aquino, Rafael Lorenzo L.','Domingo Aquino','Melinda Pascual',NULL,'1983-10-10','MARRIED','Manila','Filipino','MALE','CRN10000012','MONTHLY','234-567-890-11','45-6789012-2',10012,'963 Intramuros, Manila','963 Intramuros, Manila','PRESENT','02-85552012','09172000012',NULL,NULL,NULL,'rafael.aquino@gov.ph',72000.00,8000.00,80000.00,'INCOMPLETE'),('1212-3434-5743','EMPLOYED','EMPLOYED','PRIVATE','Bautista, Sheila Marie M.','Ernesto Bautista','Natividad Soriano',NULL,'1990-07-04','SINGLE','Pasay City','Filipino','FEMALE','CRN10000013','MONTHLY','345-678-901-12','56-7890123-3',10013,'174 MIA Rd., Pasay City','174 MIA Rd., Pasay City','PRESENT','02-85553013','09173000013',NULL,NULL,NULL,'sheila.bautista@gmail.com',93000.00,17000.00,110000.00,'INCOMPLETE'),('1212-3434-5744','EMPLOYED','EMPLOYED','PRIVATE','Ramos, Christian Paul N.','Isidro Ramos','Felicidad Ocampo',NULL,'1988-03-28','SINGLE','Marikina City','Filipino','MALE','CRN10000014','MONTHLY','456-789-012-13','67-8901234-4',10014,'285 Marcos Highway, Marikina City','285 Marcos Highway, Marikina City','PRESENT','02-85554014','09174000014',NULL,NULL,NULL,'christian.ramos@outlook.com',115000.00,35000.00,150000.00,'INCOMPLETE'),('1212-3434-5745','EMPLOYED','EMPLOYED','PRIVATE','Pascual, Jennilyn Grace O.','Florencio Pascual','Remedios Villareal',NULL,'1992-12-01','MARRIED','San Juan City','Filipino','FEMALE','CRN10000015','MONTHLY','567-890-123-14','78-9012345-5',10015,'396 N. Domingo St., San Juan City','396 N. Domingo St., San Juan City','PRESENT','02-85555015','09175000015',NULL,NULL,NULL,'jennilyn.pascual@gmail.com',78000.00,22000.00,100000.00,'INCOMPLETE'),('1212-3434-5746','EMPLOYED','EMPLOYED','PRIVATE','Castro, Emmanuel John P.','Gregorio Castro','Dolores Mercado',NULL,'1987-09-14','SINGLE','Mandaluyong City','Filipino','MALE','CRN10000016','MONTHLY','678-901-234-15','89-0123456-6',10016,'507 Pioneer St., Mandaluyong City','507 Pioneer St., Mandaluyong City','PRESENT','02-85556016','09176000016',NULL,NULL,NULL,'emmanuel.castro@gmail.com',130000.00,20000.00,150000.00,'INCOMPLETE'),('1212-3434-5747','EMPLOYED','EMPLOYED','GOVERNMENT','Mendoza, Lovely Ann Q.','Severino Mendoza','Wilhelmina Reyes',NULL,'1993-04-22','SINGLE','Quezon City','Filipino','FEMALE','CRN10000017','MONTHLY','789-012-345-16','90-1234567-7',10017,'618 Quezon Ave., Quezon City','618 Quezon Ave., Quezon City','PRESENT','02-85557017','09177000017',NULL,NULL,NULL,'lovely.mendoza@gov.ph',68000.00,7000.00,75000.00,'INCOMPLETE'),('1212-3434-5748','EMPLOYED','EMPLOYED','PRIVATE','Torres, Adrian Miguel R.','Leopoldo Torres','Caridad Dizon',NULL,'1984-11-11','MARRIED','Taguig City','Filipino','MALE','CRN10000018','MONTHLY','890-123-456-17','01-2345678-8',10018,'729 Mckinley Hill, Taguig City','729 Mckinley Hill, Taguig City','PRESENT','02-85558018','09178000018',NULL,NULL,NULL,'adrian.torres@gmail.com',145000.00,35000.00,180000.00,'INCOMPLETE'),('1212-3434-5749','EMPLOYED','EMPLOYED','PRIVATE','Navarro, Kristine Faith S.','Arnaldo Navarro','Perla Santiago',NULL,'1996-06-06','SINGLE','Pasig City','Filipino','FEMALE','CRN10000019','MONTHLY','901-234-567-18','12-3456789-9',10019,'840 C5 Rd., Pasig City','840 C5 Rd., Pasig City','PRESENT','02-85559019','09179000019',NULL,NULL,NULL,'kristine.navarro@yahoo.com',82000.00,18000.00,100000.00,'INCOMPLETE'),('1212-3434-5750','EMPLOYED','EMPLOYED','PRIVATE','Rivera, Jerome Anthony T.','Celestino Rivera','Imelda Buenaventura',NULL,'1989-08-19','SINGLE','Makati City','Filipino','MALE','CRN10000020','MONTHLY','012-345-678-19','23-4567890-0',10020,'951 Salcedo Village, Makati City','951 Salcedo Village, Makati City','PRESENT','02-85550020','09170000020',NULL,NULL,NULL,'jerome.rivera@gmail.com',125000.00,25000.00,150000.00,'INCOMPLETE'),('1212-3434-5751','EMPLOYED','EMPLOYED','PRIVATE','Flores, Maricel Joy U.','Hernando Flores','Luzviminda Aguilar',NULL,'1991-02-28','MARRIED','Caloocan City','Filipino','FEMALE','CRN10000021','MONTHLY','123-456-789-20','34-5678901-0',10021,'162 8th Ave., Caloocan City','162 8th Ave., Caloocan City','PRESENT','02-85551021','09171000021',NULL,NULL,NULL,'maricel.flores@gmail.com',76000.00,14000.00,90000.00,'INCOMPLETE'),('1212-3434-5752','EMPLOYED','EMPLOYED','PRIVATE','Ocampo, Dennis Clark V.','Augusto Ocampo','Simplicia Hizon',NULL,'1986-05-05','SINGLE','Manila','Filipino','MALE','CRN10000022','MONTHLY','234-567-890-21','45-6789012-1',10022,'273 Espana Blvd., Manila','273 Espana Blvd., Manila','PRESENT','02-85552022','09172000022',NULL,NULL,NULL,'dennis.ocampo@outlook.com',98000.00,22000.00,120000.00,'INCOMPLETE'),('1212-3434-5753','EMPLOYED','EMPLOYED','GOVERNMENT','Dela Rosa, Carmela Faith W.','Timoteo Dela Rosa','Resurreccion Valdez',NULL,'1994-09-09','SINGLE','Quezon City','Filipino','FEMALE','CRN10000023','MONTHLY','345-678-901-22','56-7890123-2',10023,'384 Batasan Rd., Quezon City','384 Batasan Rd., Quezon City','PRESENT','02-85553023','09173000023',NULL,NULL,NULL,'carmela.delarosa@gov.ph',63000.00,7000.00,70000.00,'INCOMPLETE'),('1212-3434-5754','EMPLOYED','EMPLOYED','PRIVATE','Santiago, Michael Kevin X.','Clemente Santiago','Adoracion Manalo',NULL,'1988-01-23','MARRIED','Las Pinas City','Filipino','MALE','CRN10000024','MONTHLY','456-789-012-23','67-8901234-3',10024,'495 Alabang Hills, Las Pinas City','495 Alabang Hills, Las Pinas City','PRESENT','02-85554024','09174000024',NULL,NULL,NULL,'michael.santiago@gmail.com',107000.00,33000.00,140000.00,'INCOMPLETE'),('1212-3434-5755','EMPLOYED','EMPLOYED','PRIVATE','Aguilar, Vanessa Nicole Y.','Melanio Aguilar','Corazon Reyes',NULL,'1995-04-14','SINGLE','Muntinlupa City','Filipino','FEMALE','CRN10000025','MONTHLY','567-890-123-24','78-9012345-4',10025,'506 Filinvest, Muntinlupa City','506 Filinvest, Muntinlupa City','PRESENT','02-85555025','09175000025',NULL,NULL,NULL,'vanessa.aguilar@gmail.com',91000.00,19000.00,110000.00,'INCOMPLETE'),('1212-3434-5756','EMPLOYED','EMPLOYED','PRIVATE','Dizon, Harold Francis Z.','Proceso Dizon','Visitacion Fajardo',NULL,'1983-07-07','MARRIED','Marikina City','Filipino','MALE','CRN10000026','MONTHLY','678-901-234-25','89-0123456-5',10026,'617 Sumulong Highway, Marikina City','617 Sumulong Highway, Marikina City','PRESENT','02-85556026','09176000026',NULL,NULL,NULL,'harold.dizon@gmail.com',135000.00,25000.00,160000.00,'INCOMPLETE'),('1212-3434-5757','EMPLOYED','EMPLOYED','PRIVATE','Buenaventura, Lara Sophia AA.','Sigfrido Buenaventura','Flordeliza Manalo',NULL,'1992-10-31','SINGLE','San Juan City','Filipino','FEMALE','CRN10000027','MONTHLY','789-012-345-26','90-1234567-6',10027,'728 Granada St., San Juan City','728 Granada St., San Juan City','PRESENT','02-85557027','09177000027',NULL,NULL,NULL,'lara.buenaventura@yahoo.com',84000.00,16000.00,100000.00,'INCOMPLETE'),('1212-3434-5758','EMPLOYED','EMPLOYED','PRIVATE','Hizon, Patrick Jose BB.','Saturnino Hizon','Nena Tolentino',NULL,'1987-03-03','SINGLE','Pasay City','Filipino','MALE','CRN10000028','MONTHLY','890-123-456-27','01-2345678-7',10028,'839 Libertad St., Pasay City','839 Libertad St., Pasay City','PRESENT','02-85558028','09178000028',NULL,NULL,NULL,'patrick.hizon@gmail.com',118000.00,32000.00,150000.00,'INCOMPLETE'),('1212-3434-5759','EMPLOYED','EMPLOYED','GOVERNMENT','Manalo, Roxanne Claire CC.','Epifanio Manalo','Consolacion Padilla',NULL,'1990-12-25','MARRIED','Manila','Filipino','FEMALE','CRN10000029','MONTHLY','901-234-567-28','12-3456789-8',10029,'940 UN Ave., Manila','940 UN Ave., Manila','PRESENT','02-85559029','09179000029',NULL,NULL,NULL,'roxanne.manalo@gov.ph',67000.00,8000.00,75000.00,'INCOMPLETE'),('1212-3434-5760','EMPLOYED','EMPLOYED','PRIVATE','Tolentino, Ryan Joseph DD.','Abundio Tolentino','Zenaida Cruz',NULL,'1985-06-16','SINGLE','Taguig City','Filipino','MALE','CRN10000030','MONTHLY','012-345-678-29','23-4567890-9',10030,'051 Bonifacio Global City, Taguig City','051 Bonifacio Global City, Taguig City','PRESENT','02-85550030','09170000030',NULL,NULL,NULL,'ryan.tolentino@gmail.com',140000.00,40000.00,180000.00,'INCOMPLETE'),('1212-3434-5761','EMPLOYED','SELF-EMPLOYED','GOVERNMENT','Ruby Bennett','Father Bennett','Leslie Bennett','Jules Vaughn','2001-09-11','SINGLE','New York, Cubao','Filipino','FEMALE','12121212','Quarterly','133311','1231313',1324642,'New York, Cubao, Quezon City','New York, Cubao, Quezon City','Present Home Address','','639998299222','','','','',45000.00,5200.00,50200.00,'INCOMPLETE'),('1212-3434-5762','FIRST TIME JOBSEEKERS','EMPLOYED','GOVERNMENT','Craig Silverio','wanawna','','','2005-10-02','SINGLE','Quezon City','Filipino','MALE','','Monthly','','',NULL,'Tondo Manila','Pampanga','Permanent Home Address','','639770027182','','','','',1000000.00,0.00,1000000.00,'INCOMPLETE'),('1212-3434-5763','EMPLOYED','OVERSEAS FILIPINO WORKER','PRIVATE','Jana Nicole Herrera','Jason Flores','Rona Myla Herrera','Angelo Manalang','2003-07-21','MARRIED','Valenzuela City','Filipino','MALE','1123141445','Quarterly','8554335666','3334522618',98947,'16 A, Hagonoy Street, Gen. T. De Leon, Valenzuela City','16 A, Hagonoy Street, Gen. T. De Leon, Valenzuela City','Permanent Home Address','2344-2444','639928444255','1346-2414','1111-2254','','jananicole@gmail.com',56789.00,1335.00,58124.00,'INCOMPLETE'),('1212-3434-5764','EMPLOYED','OVERSEAS FILIPINO WORKER','PRIVATE HOUSEHOLD','Mary Grace Duterte','Roberto Rodrigo','Sara Rodrigo','Baste Duterte','2004-02-12','MARRIED','Davao City','Filipino','FEMALE','','Monthly','','',NULL,'Syempre St., Brgy Unithieves, Davao City, Philippines','Syempre St., Brgy Unithieves, Davao City, Philippines','Present Home Address','','632333333333','','','','',111222.00,323232.00,434454.00,'INCOMPLETE'),('1212-3434-5765','UNEMPLOYED','OVERSEAS FILIPINO WORKER','4PS','Jaya Mikaela Pineda','Bong Pineda','Pacencia Pineda','Tin','2004-01-27','LEGALLY SEPARATED','Valenzuela City','Japayuki','FEMALE','131313','Semi-Annual','5734466','1416746547',1414146,'R. Valenzuela, Marulas, Valenzuela City','R. Valenzuela, Marulas, Valenzuela City','Permanent Home Address','141414','634563636366','223144','4441222','444324','jayamikaela@gmail.com',2112456.00,0.00,2112456.00,'INCOMPLETE'),('1212-3434-5766','EMPLOYED','EMPLOYED','GOVERNMENT','Juan Dela Cruz','Father Dela Cruz','Mother Dela Cruz','Spouse Dela Cruz','2002-02-02','SINGLE','Manila City','Filipino','MALE','226000502234','Monthly','456-489-143-12','04-1234338-2',30222,'Anonas St., Sta. Mesa, Manila','Anonas St., Sta. Mesa, Manila','Present Home Address','(02) 8888-4342','639988777777','(02) 8399-1100','(02) 8933-1100','401','jdleacruz@gmail.com',35683.22,2000.00,37683.22,'INCOMPLETE'),('1212-3434-5769','EMPLOYED','EMPLOYED','PRIVATE','Jessica Alba','Father Alba','Mother Alonzo','Spouse Spouse','2002-12-12','MARRIED','Manila City','Select','FEMALE','24224','Monthly','2251511','24145324',12312,'SM Manila, Ermita, Manila City, Philippines','SM San Lazaro, Sampaloc, Manila City, Philippines','Present Home Address','3424224242','634424242424','','','','jessica@gmail.com',32000.00,0.00,32000.00,'INCOMPLETE'),('1212-3434-5770','EMPLOYED','EMPLOYED','GOVERNMENT','Member Surname','Father Surname','Mother Surname','Spouse Surname','2000-12-12','SINGLE','Sta. Mesa, Manila','Filipino','MALE','120001','Quarterly','1200000','1213100120',12012,'Anonas Street, Sta. Mesa, Manila','Urdaneta City, Pangasinan','Present Home Address','1234-4567','9999999999','012345','01234','01','person@gmail.com',30000.00,2000.00,32000.00,'COMPLETE');
/*!40000 ALTER TABLE `membertable` ENABLE KEYS */;
UNLOCK TABLES;

--
-- Table structure for table `prevemptable`
--

DROP TABLE IF EXISTS `prevemptable`;
/*!40101 SET @saved_cs_client     = @@character_set_client */;
/*!50503 SET character_set_client = utf8mb4 */;
CREATE TABLE `prevemptable` (
  `PagIbig_MID_No` char(14) NOT NULL,
  `Prev_Emp_Code` int NOT NULL AUTO_INCREMENT,
  `Company_Code` varchar(10) NOT NULL,
  `To_Date` date NOT NULL,
  `From_Date` date NOT NULL,
  PRIMARY KEY (`Prev_Emp_Code`,`PagIbig_MID_No`),
  UNIQUE KEY `Prev_Emp_Code_UNIQUE` (`Prev_Emp_Code`),
  KEY `PagIbig_MID_No_idx` (`PagIbig_MID_No`),
  KEY `fk_PrevEmpT_CompT_idx` (`Company_Code`),
  CONSTRAINT `fk_PrevEmpT_CompT` FOREIGN KEY (`Company_Code`) REFERENCES `companydetailstable` (`Company_Code`) ON DELETE CASCADE ON UPDATE CASCADE,
  CONSTRAINT `fk_PrevEmpT_MemberT` FOREIGN KEY (`PagIbig_MID_No`) REFERENCES `membertable` (`PagIbig_MID_No`) ON DELETE CASCADE ON UPDATE CASCADE
) ENGINE=InnoDB AUTO_INCREMENT=122 DEFAULT CHARSET=utf8mb4 COLLATE=utf8mb4_0900_ai_ci COMMENT='Previous employment table of member.';
/*!40101 SET character_set_client = @saved_cs_client */;

--
-- Dumping data for table `prevemptable`
--

LOCK TABLES `prevemptable` WRITE;
/*!40000 ALTER TABLE `prevemptable` DISABLE KEYS */;
INSERT INTO `prevemptable` VALUES ('1212-3434-5656',1,'AWS','2029-03-01','2028-07-01'),('1212-3434-5656',2,'ORC1','2033-09-01','2031-09-01'),('1212-3434-5656',3,'CVG','2031-10-01','2031-01-01'),('1212-3434-5658',6,'PLDT','2029-09-01','2028-03-01'),('1212-3434-5659',7,'AWS1','2030-01-01','2028-01-01'),('1212-3434-5660',8,'AWS','2024-12-31','2022-06-01'),('1212-3434-5669',9,'AWS','2024-12-31','2022-06-01'),('1212-3434-5689',13,'ORC1','2025-01-31','2021-05-10'),('1212-3434-5694',14,'AWS','2020-10-27','2023-08-03'),('1212-3434-5678',15,'ACN','2020-01-15','2018-10-22'),('1212-3434-5676',17,'SCPH','2023-04-30','2019-08-01'),('1212-3434-5672',18,'ORC','2024-10-27','2022-08-03'),('1212-3434-5672',20,'ORC','2024-10-27','2022-08-03'),('1212-3434-5697',21,'ACN','2024-02-29','2023-03-24'),('1212-3434-5701',22,'PUP','2018-05-31','2015-06-01'),('1212-3434-5702',23,'FOU','2023-03-14','2021-07-01'),('1212-3434-5703',24,'SCPH','2022-08-31','2019-03-01'),('1212-3434-5704',25,'CIS','2020-12-31','2018-01-01'),('1212-3434-5705',26,'ACN','2024-06-30','2022-11-01'),('1212-3434-5707',27,'PLDT','2022-03-31','2020-08-01'),('1212-3434-5708',28,'ORC','2023-12-31','2022-05-01'),('1212-3434-5710',29,'HWI','2021-10-31','2018-06-01'),('1212-3434-5711',30,'DICT','2010-02-28','2004-01-01'),('1212-3434-5712',31,'CVG','2024-12-31','2023-09-01'),('1212-3434-5713',32,'AWS','2017-07-31','2014-02-01'),('1212-3434-5714',33,'JPM','2020-02-29','2017-05-01'),('1212-3434-5715',34,'ORC1','2019-05-31','2016-03-01'),('1212-3434-5717',35,'CSC','2005-05-31','2000-07-01'),('1212-3434-5719',36,'AECO','2022-12-31','2019-06-01'),('1212-3434-5720',37,'BPI1','2025-02-28','2023-07-01'),('1212-3434-5721',38,'PLDT','2019-07-31','2015-03-01'),('1212-3434-5722',39,'FOU','2023-05-31','2021-10-01'),('1212-3434-5723',40,'PUP','2008-02-28','2004-06-01'),('1212-3434-5724',41,'ACN','2022-01-31','2018-09-01'),('1212-3434-5725',42,'ORC','2021-03-31','2018-01-01'),('1212-3434-5726',43,'DICT','2003-06-30','1999-08-01'),('1212-3434-5728',44,'CIS','2023-08-31','2020-05-01'),('1212-3434-5729',45,'CVG','2015-10-31','2012-04-01'),('1212-3434-5730',46,'BPI','2015-12-31','2012-07-01'),('1212-3434-5669',47,'AWS','2024-12-31','2022-06-01'),('1212-3434-5672',48,'ORC','2024-10-27','2022-08-03'),('1212-3434-5689',51,'ORC','2025-01-31','2021-05-10'),('1212-3434-5676',52,'SCPH','2023-04-30','2019-08-01'),('1212-3434-5678',54,'ACN','2020-01-15','2018-10-22'),('1212-3434-5731',56,'ACN','2021-12-12','2020-12-12'),('1212-3434-5731',57,'BDO','2020-12-07','2018-12-12'),('1212-3434-5761',58,'ORC1','2023-04-12','2022-12-03'),('1212-3434-5762',59,'BDO','2026-04-10','2024-10-03'),('1212-3434-5764',64,'AECO','2024-05-11','2022-12-22'),('1212-3434-5765',65,'AECO','2025-06-23','2024-12-22'),('1212-3434-5675',68,'AECO','2024-02-28','2021-07-01'),('1212-3434-5675',69,'AECO','2024-02-28','2021-07-01'),('1212-3434-5673',75,'ACN','2024-10-27','2022-08-03'),('1212-3434-5766',88,'STECH','2025-09-12','2025-03-19'),('1212-3434-5766',89,'PUP2','2025-03-14','2024-12-03'),('1212-3434-5766',90,'ACN','2022-04-12','2021-12-05'),('1212-3434-5657',99,'PUP','2023-12-11','2022-04-23'),('1212-3434-5657',100,'ACN','2022-04-19','2019-11-24'),('1212-3434-5657',101,'BDO','2011-12-12','2010-12-15'),('1212-3434-5769',109,'ACN','2025-01-02','2024-05-06'),('1212-3434-5769',110,'SMPH','2023-12-12','2022-04-12'),('1212-3434-5770',121,'NTT','2025-12-12','2022-12-11');
/*!40000 ALTER TABLE `prevemptable` ENABLE KEYS */;
UNLOCK TABLES;

--
-- Table structure for table `usercredentials`
--

DROP TABLE IF EXISTS `usercredentials`;
/*!40101 SET @saved_cs_client     = @@character_set_client */;
/*!50503 SET character_set_client = utf8mb4 */;
CREATE TABLE `usercredentials` (
  `PagIbig_MID_No` char(14) NOT NULL,
  `Password` varchar(255) NOT NULL,
  `Security_Q1` varchar(100) NOT NULL,
  `Security_A1` varchar(100) NOT NULL,
  `Security_Q2` varchar(100) NOT NULL,
  `Security_A2` varchar(100) NOT NULL,
  `Security_Q3` varchar(100) NOT NULL,
  `Security_A3` varchar(100) NOT NULL,
  PRIMARY KEY (`PagIbig_MID_No`),
  CONSTRAINT `usercredentials_ibfk_1` FOREIGN KEY (`PagIbig_MID_No`) REFERENCES `membertable` (`PagIbig_MID_No`) ON DELETE CASCADE ON UPDATE CASCADE
) ENGINE=InnoDB DEFAULT CHARSET=utf8mb4 COLLATE=utf8mb4_0900_ai_ci;
/*!40101 SET character_set_client = @saved_cs_client */;

--
-- Dumping data for table `usercredentials`
--

LOCK TABLES `usercredentials` WRITE;
/*!40000 ALTER TABLE `usercredentials` DISABLE KEYS */;
INSERT INTO `usercredentials` VALUES ('1212-3434-5656','adminuser','','','','','',''),('1212-3434-5657','adminuser','','','','','',''),('1212-3434-5658','adminuser','','','','','',''),('1212-3434-5659','adminuser','','','','','',''),('1212-3434-5660','adminuser','','','','','',''),('1212-3434-5669','adminuser','','','','','',''),('1212-3434-5672','adminuser','','','','','',''),('1212-3434-5673','adminuser','','','','','',''),('1212-3434-5675','adminuser','','','','','',''),('1212-3434-5676','adminuser','','','','','',''),('1212-3434-5677','adminuser','','','','','',''),('1212-3434-5678','adminuser','','','','','',''),('1212-3434-5689','adminuser','','','','','',''),('1212-3434-5694','adminuser','','','','','',''),('1212-3434-5695','adminuser','','','','','',''),('1212-3434-5696','adminuser','','','','','',''),('1212-3434-5697','adminuser','','','','','',''),('1212-3434-5698','adminuser','','','','','',''),('1212-3434-5701','adminuser','','','','','',''),('1212-3434-5702','adminuser','','','','','',''),('1212-3434-5703','adminuser','','','','','',''),('1212-3434-5704','adminuser','','','','','',''),('1212-3434-5705','adminuser','','','','','',''),('1212-3434-5706','adminuser','','','','','',''),('1212-3434-5707','adminuser','','','','','',''),('1212-3434-5708','adminuser','','','','','',''),('1212-3434-5709','adminuser','','','','','',''),('1212-3434-5710','adminuser','','','','','',''),('1212-3434-5711','adminuser','','','','','',''),('1212-3434-5712','adminuser','','','','','',''),('1212-3434-5713','adminuser','','','','','',''),('1212-3434-5714','adminuser','','','','','',''),('1212-3434-5715','adminuser','','','','','',''),('1212-3434-5717','adminuser','','','','','',''),('1212-3434-5718','adminuser','','','','','',''),('1212-3434-5719','adminuser','','','','','',''),('1212-3434-5720','adminuser','','','','','',''),('1212-3434-5721','adminuser','','','','','',''),('1212-3434-5722','adminuser','','','','','',''),('1212-3434-5723','adminuser','','','','','',''),('1212-3434-5724','adminuser','','','','','',''),('1212-3434-5725','adminuser','','','','','',''),('1212-3434-5726','adminuser','','','','','',''),('1212-3434-5727','adminuser','','','','','',''),('1212-3434-5728','adminuser','','','','','',''),('1212-3434-5729','adminuser','','','','','',''),('1212-3434-5730','adminuser','','','','','',''),('1212-3434-5731','adminuser','','','','','',''),('1212-3434-5732','adminuser','','','','','',''),('1212-3434-5733','adminuser','','','','','',''),('1212-3434-5734','adminuser','','','','','',''),('1212-3434-5736','adminuser','','','','','',''),('1212-3434-5737','adminuser','','','','','',''),('1212-3434-5738','adminuser','','','','','',''),('1212-3434-5739','adminuser','','','','','',''),('1212-3434-5740','adminuser','','','','','',''),('1212-3434-5741','adminuser','','','','','',''),('1212-3434-5742','adminuser','','','','','',''),('1212-3434-5743','adminuser','','','','','',''),('1212-3434-5744','adminuser','','','','','',''),('1212-3434-5745','adminuser','','','','','',''),('1212-3434-5746','adminuser','','','','','',''),('1212-3434-5747','adminuser','','','','','',''),('1212-3434-5748','adminuser','','','','','',''),('1212-3434-5749','adminuser','','','','','',''),('1212-3434-5750','adminuser','','','','','',''),('1212-3434-5751','adminuser','','','','','',''),('1212-3434-5752','adminuser','','','','','',''),('1212-3434-5753','adminuser','','','','','',''),('1212-3434-5754','adminuser','','','','','',''),('1212-3434-5755','adminuser','','','','','',''),('1212-3434-5756','adminuser','','','','','',''),('1212-3434-5757','adminuser','','','','','',''),('1212-3434-5758','adminuser','','','','','',''),('1212-3434-5759','adminuser','','','','','',''),('1212-3434-5760','adminuser','','','','','',''),('1212-3434-5761','adminuser','','','','','',''),('1212-3434-5762','adminuser','','','','','',''),('1212-3434-5763','adminuser','','','','','',''),('1212-3434-5764','adminuser','','','','','',''),('1212-3434-5765','adminuser','','','','','',''),('1212-3434-5766','adminuser','','','','','',''),('1212-3434-5769','adminuser','','','','','',''),('1212-3434-5770','adminuser','','','','','','');
/*!40000 ALTER TABLE `usercredentials` ENABLE KEYS */;
UNLOCK TABLES;

--
-- Dumping routines for database 'pagibig'
--
SET @@SESSION.SQL_LOG_BIN = @MYSQLDUMP_TEMP_LOG_BIN;
/*!40103 SET TIME_ZONE=@OLD_TIME_ZONE */;

/*!40101 SET SQL_MODE=@OLD_SQL_MODE */;
/*!40014 SET FOREIGN_KEY_CHECKS=@OLD_FOREIGN_KEY_CHECKS */;
/*!40014 SET UNIQUE_CHECKS=@OLD_UNIQUE_CHECKS */;
/*!40101 SET CHARACTER_SET_CLIENT=@OLD_CHARACTER_SET_CLIENT */;
/*!40101 SET CHARACTER_SET_RESULTS=@OLD_CHARACTER_SET_RESULTS */;
/*!40101 SET COLLATION_CONNECTION=@OLD_COLLATION_CONNECTION */;
/*!40111 SET SQL_NOTES=@OLD_SQL_NOTES */;

-- Dump completed on 2026-06-30 16:23:01
